start,end,tjd
0,4,-0.04000000000000026
2,6,-0.44000000000000017
4,8,-0.44000000000000017
