start,end,tjd
0,4,-0.045454545454545525
2,6,-0.045454545454545525
4,8,-0.045454545454545525
6,10,-0.045454545454545525
8,12,0.1212121212121211
10,14,0.1212121212121211
