start,end,tjd
<<<<<<< HEAD
=======
0,4,-0.04000000000000026
2,6,-0.44000000000000017
4,8,-0.44000000000000017
>>>>>>> 3427b15009caa39f1a38dcbf5c3739a9dfc0e96e
